CustomerID;CompanyName;ContactName;ContactTitle<class 'str'>;<class 'str'>;<class 'str'>;<class 'str'>ALFKI;Alfreds Futterkiste;Maria Anders;Sales RepresentativeANATR;Ana Trujillo Emparedados y helados;Ana Trujillo;OwnerANTON;Antonio Moreno Taquería;Antonio Moreno;OwnerAROUT;Around the Horn;Thomas Hardy;Sales RepresentativeBERGS;Berglunds snabbköp;Christina Berglund;Order AdministratorBLAUS;Blauer See Delikatessen;Hanna Moos;Sales RepresentativeBLONP;Blondesddsl pere et fils;Frédérique Citeaux;Marketing ManagerBOLID;Bólido Comidas preparadas;Martín Sommer;OwnerBONAP;Bon app';Laurence Lebihan;OwnerBOTTM;Bottom-Dollar Markets;Elizabeth Lincoln;Accounting ManagerBSBEV;B's Beverages;Victoria Ashworth;Sales RepresentativeCACTU;Cactus Comidas para llevar;Patricio Simpson;Sales AgentCENTC;Centro comercial Moctezuma;Francisco Chang;Marketing ManagerCHOPS;Chop-suey Chinese;Yang Wang;OwnerCOMMI;Comércio Mineiro;Pedro Afonso;Sales AssociateCONSH;Consolidated Holdings;Elizabeth Brown;Sales RepresentativeDRACD;Drachenblut Delikatessen;Sven Ottlieb;Order AdministratorDUMON;Du monde entier;Janine Labrune;OwnerEASTC;Eastern Connection;Ann Devon;Sales AgentERNSH;Ernst Handel;Roland Mendel;Sales ManagerFAMIA;Familia Arquibaldo;Aria Cruz;Marketing AssistantFISSA;FISSA Fabrica Inter. Salchichas S.A.;Diego Roel;Accounting ManagerFOLIG;Folies gourmandes;Martine Rancé;Assistant Sales AgentFOLKO;Folk och fä HB;Maria Larsson;OwnerFRANK;Frankenversand;Peter Franken;Marketing ManagerFRANR;France restauration;Carine Schmitt;Marketing ManagerFRANS;Franchi S.p.A.;Paolo Accorti;Sales RepresentativeFURIB;Furia Bacalhau e Frutos do Mar;Lino Rodriguez;Sales ManagerGALED;Galería del gastrónomo;Eduardo Saavedra;Marketing ManagerGODOS;Godos Cocina Típica;José Pedro Freyre;Sales ManagerGOURL;Gourmet Lanchonetes;André Fonseca;Sales AssociateGREAL;Great Lakes Food Market;Howard Snyder;Marketing ManagerGROSR;GROSELLA-Restaurante;Manuel Pereira;OwnerHANAR;Hanari Carnes;Mario Pontes;Accounting ManagerHILAA;HILARION-Abastos;Carlos Hernández;Sales RepresentativeHUNGC;Hungry Coyote Import Store;Yoshi Latimer;Sales RepresentativeHUNGO;Hungry Owl All-Night Grocers;Patricia McKenna;Sales AssociateISLAT;Island Trading;Helen Bennett;Marketing ManagerKOENE;Königlich Essen;Philip Cramer;Sales AssociateLACOR;La corne d'abondance;Daniel Tonini;Sales RepresentativeLAMAI;La maison d'Asie;Annette Roulet;Sales ManagerLAUGB;Laughing Bacchus Wine Cellars;Yoshi Tannamuri;Marketing AssistantLAZYK;Lazy K Kountry Store;John Steel;Marketing ManagerLEHMS;Lehmanns Marktstand;Renate Messner;Sales RepresentativeLETSS;Let's Stop N Shop;Jaime Yorres;OwnerLILAS;LILA-Supermercado;Carlos González;Accounting ManagerLINOD;LINO-Delicateses;Felipe Izquierdo;OwnerLONEP;Lonesome Pine Restaurant;Fran Wilson;Sales ManagerMAGAA;Magazzini Alimentari Riuniti;Giovanni Rovelli;Marketing ManagerMAISD;Maison Dewey;Catherine Dewey;Sales AgentMEREP;Mere Paillarde;Jean Fresniere;Marketing AssistantMORGK;Morgenstern Gesundkost;Alexander Feuer;Marketing AssistantNORTS;North/South;Simon Crowther;Sales AssociateOCEAN;Océano Atlántico Ltda.;Yvonne Moncada;Sales AgentOLDWO;Old World Delicatessen;Rene Phillips;Sales RepresentativeOTTIK;Ottilies Käseladen;Henriette Pfalzheim;OwnerPARIS;Paris spécialités;Marie Bertrand;OwnerPERIC;Pericles Comidas clásicas;Guillermo Fernández;Sales RepresentativePICCO;Piccolo und mehr;Georg Pipps;Sales ManagerPRINI;Princesa Isabel Vinhos;Isabel de Castro;Sales RepresentativeQUEDE;Que Delícia;Bernardo Batista;Accounting ManagerQUEEN;Queen Cozinha;Lúcia Carvalho;Marketing AssistantQUICK;QUICK-Stop;Horst Kloss;Accounting ManagerRANCH;Rancho grande;Sergio Gutiérrez;Sales RepresentativeRATTC;Rattlesnake Canyon Grocery;Paula Wilson;Assistant Sales RepresentativeREGGC;Reggiani Caseifici;Maurizio Moroni;Sales AssociateRICAR;Ricardo Adocicados;Janete Limeira;Assistant Sales AgentRICSU;Richter Supermarkt;Michael Holz;Sales ManagerROMEY;Romero y tomillo;Alejandra Camino;Accounting ManagerSANTG;Santé Gourmet;Jonas Bergulfsen;OwnerSAVEA;Save-a-lot Markets;Jose Pavarotti;Sales RepresentativeSEVES;Seven Seas Imports;Hari Kumar;Sales ManagerSIMOB;Simons bistro;Jytte Petersen;OwnerSPECD;Spécialités du monde;Dominique Perrier;Marketing ManagerSPLIR;Split Rail Beer & Ale;Art Braunschweiger;Sales ManagerSUPRD;Supremes délices;Pascale Cartrain;Accounting ManagerTHEBI;The Big Cheese;Liz Nixon;Marketing ManagerTHECR;The Cracker Box;Liu Wong;Marketing AssistantTOMSP;Toms Spezialitäten;Karin Josephs;Marketing ManagerTORTU;Tortuga Restaurante;Miguel Angel Paolino;OwnerTRADH;Tradiçao Hipermercados;Anabela Domingues;Sales RepresentativeTRAIH;Trail's Head Gourmet Provisioners;Helvetius Nagy;Sales AssociateVAFFE;Vaffeljernet;Palle Ibsen;Sales ManagerVICTE;Victuailles en stock;Mary Saveley;Sales AgentVINET;Vins et alcools Chevalier;Paul Henriot;Accounting ManagerWANDK;Die Wandernde Kuh;Rita Müller;Sales RepresentativeWARTH;Wartian Herkku;Pirkko Koskitalo;Accounting ManagerWELLI;Wellington Importadora;Paula Parente;Sales ManagerWHITC;White Clover Markets;Karl Jablonski;OwnerWILMK;Wilman Kala;Matti Karttunen;Owner/Marketing AssistantWOLZA;Wolski  Zajazd;Zbyszek Piestrzeniewicz;Owner